rule	winners	t_sec
Plurality	(2858,)	136.8336410522461
2-approval	(2858,)	139.59168219566345
Borda	(260,)	343.7442216873169
