rule	winners	t_sec
Plurality	(6,)	0.5512142181396484
2-approval	(6,)	0.4763522148132324
Borda	(6,)	0.33895063400268555
