rule	winners	t_sec
Plurality	(6,)	0.5653197765350342
2-approval	(6,)	0.4900052547454834
Borda	(6,)	0.3519136905670166
