rule	winners	t_sec
Plurality	(2858,)	2290.3757503032684
2-approval	(2858,)	2297.4402763843536
Borda	(260,)	6091.632098674774
